{"cameraMode":{"drawMode":0,"name":"Shaded","section":"Shading Mode"},"sceneLighting":false,"audioPlay":false,"sceneViewState":{"m_AlwaysRefresh":false,"showFog":true,"showSkybox":false,"showFlares":true,"showImageEffects":true,"showParticleSystems":true,"showVisualEffectGraphs":true,"m_FxEnabled":true},"in2DMode":false,"pivot":{"x":-0.41429096460342409,"y":-0.05998672917485237,"z":0.6164229512214661},"rotation":{"x":0.18658852577209474,"y":-0.12749911844730378,"z":0.024491673335433008,"w":0.9738726019859314},"size":5.436001300811768,"orthographic":false}