{"cameraMode":{"drawMode":0,"name":"Shaded","section":"Shading Mode"},"sceneLighting":false,"audioPlay":false,"sceneViewState":{"m_AlwaysRefresh":false,"showFog":true,"showSkybox":false,"showFlares":true,"showImageEffects":true,"showParticleSystems":true,"showVisualEffectGraphs":true,"m_FxEnabled":true},"in2DMode":false,"pivot":{"x":9.385049819946289,"y":3.9249441623687746,"z":-51.225955963134769},"rotation":{"x":0.05364636704325676,"y":-0.1518780142068863,"z":0.008298153057694435,"w":0.9869555830955505},"size":2.4494898319244386,"orthographic":false}