{"cameraMode":{"drawMode":0,"name":"Shaded","section":"Shading Mode"},"sceneLighting":false,"audioPlay":false,"sceneViewState":{"m_AlwaysRefresh":false,"showFog":true,"showSkybox":false,"showFlares":true,"showImageEffects":true,"showParticleSystems":true,"showVisualEffectGraphs":true,"m_FxEnabled":true},"in2DMode":false,"pivot":{"x":38.84074401855469,"y":2.6808834075927736,"z":42.38043975830078},"rotation":{"x":0.2943950891494751,"y":0.00318085215985775,"z":-0.0009141036425717175,"w":0.9557306170463562},"size":49.88664245605469,"orthographic":false}