{"cameraMode":{"drawMode":0,"name":"Shaded","section":"Shading Mode"},"sceneLighting":false,"audioPlay":false,"sceneViewState":{"m_AlwaysRefresh":false,"showFog":true,"showSkybox":false,"showFlares":true,"showImageEffects":true,"showParticleSystems":true,"showVisualEffectGraphs":true,"m_FxEnabled":true},"in2DMode":false,"pivot":{"x":1.1050739288330079,"y":2.6119370460510256,"z":-1.5126906633377076},"rotation":{"x":-0.23078663647174836,"y":0.2893526256084442,"z":-0.07222162932157517,"w":-0.9263222217559815},"size":2.8390207290649416,"orthographic":false}