{"cameraMode":{"drawMode":0,"name":"Shaded","section":"Shading Mode"},"sceneLighting":false,"audioPlay":false,"sceneViewState":{"m_AlwaysRefresh":false,"showFog":true,"showSkybox":false,"showFlares":true,"showImageEffects":true,"showParticleSystems":true,"showVisualEffectGraphs":true,"m_FxEnabled":true},"in2DMode":false,"pivot":{"x":-0.3106551468372345,"y":11.061898231506348,"z":-23.694839477539064},"rotation":{"x":-0.023582035675644876,"y":-0.9738759994506836,"z":0.19205623865127564,"w":-0.11952806264162064},"size":17.58572769165039,"orthographic":false}